Cite Key,Title,Authors,Year,Publication Date,Journal,Citation Count,Citations/Year,DOI,URL
Abi20,"Smartphones, social media use and youth mental health",Elia Abi-Jaoude; Karline Treurnicht Naylor; Antonio Pignatiello,2020,2020-02-09,Canadian Medical Association Journal,499,77.2,10.1503/cmaj.190434,https://doi.org/10.1503/cmaj.190434
Are25,High speed internet and the widening gender gap in adolescent mental health: Evidence from Spanish hospital records.,Esther Arenas-Arroyo; Daniel Fernandez-Kranz; Natalia Nollenberger,2025,2025-05-01,Journal of health economics,10,8.1,10.1016/j.jhealeco.2025.103014,https://doi.org/10.1016/j.jhealeco.2025.103014
Auh19,Leisure Activities of Healthy Children and Adolescents,Lea Auhuber; M. Vogel; Nico Grafe; W. Kiess; T. Poulain,2019,2019-06-01,International Journal of Environmental Research and Public Health,100,14.0,10.3390/ijerph16122078,https://doi.org/10.3390/ijerph16122078
Bar26,Assessing early effects of Australia’s Social Media Minimum Age Act on adolescents’ social media use: observational study,C. Barnes; Alix E Hall; S. Mantach; Chris Oldmeadow; J. Attia; K. Backholer; Carmel Williams; Y. Tefera; F. Kay; L. Wolfenden,2026,2026-06-24,The BMJ,9,97.2,10.1136/bmj-2026-363695,https://doi.org/10.1136/bmj-2026-363695
Bau24,"A bidirectional model of sleep and technology use: A theoretical review of How much, for whom, and which mechanisms.",S. Bauducco; M. Pillion; K. Bartel; Chelsea M. Reynolds; Michal Kahn; M. Gradisar,2024,2024-04-01,Sleep medicine reviews,79,34.0,10.1016/j.smrv.2024.101933,https://doi.org/10.1016/j.smrv.2024.101933
Bel16,"Ill Communication: Technology, distraction & student performance",Louis-Philippe Beland; R. Murphy,2016,2016-08-01,Labour Economics,235,23.5,10.1016/J.LABECO.2016.04.004,https://doi.org/10.1016/J.LABECO.2016.04.004
Ben22,Banning mobile phones in schools: evidence from regional-level policies in Spain,P. Beneito; Óscar Vicente-Chirivella,2022,2022-01-25,Applied Economic Analysis,28,6.2,10.1108/aea-05-2021-0112,https://doi.org/10.1108/aea-05-2021-0112
Bic21,Current Research and Viewpoints on Internet Addiction in Adolescents,D. Bickham,2021,2021-01-09,Current Pediatrics Reports,119,21.5,10.1007/s40124-020-00236-3,https://doi.org/10.1007/s40124-020-00236-3
Bjo15,Relations between college students’ cell phone use during class and grades.,Christopher A. Bjornsen; K. Archer,2015,2015-12-01,,74,6.9,10.1037/STL0000045,https://doi.org/10.1037/STL0000045
Boe19,Association of Screen Time and Depression in Adolescence.,E. Boers; M. H. Afzali; N. Newton; P. Conrod,2019,2019-07-15,JAMA pediatrics,386,54.9,10.1001/jamapediatrics.2019.1759,https://doi.org/10.1001/jamapediatrics.2019.1759
Boe20,"Social media use intensity, social media use problems, and mental health among adolescents: Investigating directionality and mediating processes",M. Boer; G. Stevens; C. Finkenauer; M. Looze; R. J. Eijnden,2020,2020-12-05,Comput. Hum. Behav.,258,45.7,10.1016/j.chb.2020.106645,https://doi.org/10.1016/j.chb.2020.106645
Bot19,La prohibición del teléfono móvil en las escuelas en Francia,Fernando González Botija,2019,2019-04-30,,5,0.7,10.18042/CEPC/RAP.208.13,https://doi.org/10.18042/CEPC/RAP.208.13
Bra22e,Digital media use and sleep in late adolescence and young adulthood: A systematic review.,Louise A. S. Brautsch; L. Lund; Martin M Andersen; P. Jennum; A. P. Folker; S. Andersen,2022,2022-12-01,Sleep medicine reviews,161,44.1,10.1016/j.smrv.2022.101742,https://doi.org/10.1016/j.smrv.2022.101742
Bur25,The Effects of Social Media Restriction: Meta-Analytic Evidence from Randomized Controlled Trials,Kaitlyn Burnell; Diana J. Meter; Fernanda C. Andrade; Ashley Slocum; Madeleine J. George,2025,2025-05-01,SSM - Mental Health,14,11.3,10.1016/j.ssmmh.2025.100459,https://doi.org/10.1016/j.ssmmh.2025.100459
Cai20,The Association of Parent-Child Communication With Internet Addiction in Left-Behind Children in China: A Cross-Sectional Study,Jingjing Cai; Yun Wang; Feng Wang; Jingjing Lu; Lu Li; Xudong Zhou,2020,2020-07-27,International Journal of Public Health,37,6.2,10.3389/ijph.2021.630700,https://doi.org/10.3389/ijph.2021.630700
Cam24,Evidence for and against banning mobile phones in schools: A scoping review,Marilyn A. Campbell; Elizabeth J. Edwards; Donna Pennell; S. Poed; Victoria P. M. Lister; Jenna K. Gillett-Swan; Adrian Kelly; Dajana Zec; Thuy-Anh Nguyen,2024,2024-08-13,Journal of Psychologists and Counsellors in Schools,51,26.1,10.1177/20556365241270394,https://doi.org/10.1177/20556365241270394
Car21,Draconian policy measures are unlikely to prevent disordered gaming,Michelle Colder Carras; V. Stavropoulos; F. Motti-Stefanidi; A. Labrique; M. Griffiths,2021,2021-11-10,Journal of Behavioral Addictions,26,5.5,10.1556/2006.2021.00075,https://doi.org/10.1556/2006.2021.00075
Che09,Internet use and academic achievement: gender differences in early adolescence.,Sunny Chen; Yang-chih Fu,2009,,Adolescence,94,5.5,,https://www.semanticscholar.org/paper/b4430cbbfe4c2c93c736044ea7515323459a9b80
Cho18,"Effect of the Online Game Shutdown Policy on Internet Use, Internet Addiction, and Sleeping Hours in Korean Adolescents.",Jiyun Choi; Hyun-Cheol Cho; Seungmin Lee; Juyeong Kim; Eun-Cheol Park,2018,2018-05-01,The Journal of adolescent health : official publication of the Society for Adolescent Medicine,63,7.6,10.1016/j.jadohealth.2017.11.291,https://doi.org/10.1016/j.jadohealth.2017.11.291
Cot02,Folk devils and moral panics,Simon Cottee,2002,2002-11-01,Theoretical Criminology,719,30.3,10.1177/136248060200600401,https://doi.org/10.1177/136248060200600401
Cur90,The New Revisionism in Mass Communication Research: A Reappraisal,James Curran,1990,1990-06-01,European Journal of Communication,216,6.0,10.1177/0267323190005002002,https://doi.org/10.1177/0267323190005002002
Das20,"Bedtime social media use, sleep, and affective wellbeing in young adults: an experience sampling study.",Ahuti Das-Friebel; Anita Lenneis; A. Realo; Adam N. Sanborn; N. Tang; D. Wolke; A. von Mühlenen; S. Lemola,2020,2020-09-14,"Journal of child psychology and psychiatry, and allied disciplines",59,10.1,10.1111/jcpp.13326,https://doi.org/10.1111/jcpp.13326
Die20,The impact of digital technology use on adolescent well-being ,T. Dienlin; Niklas Johannes,2020,2020-06-01,Dialogues in Clinical Neuroscience,252,40.9,10.31887/DCNS.2020.22.2/tdienlin,https://doi.org/10.31887/DCNS.2020.22.2/tdienlin
Dij14,The association between objectively measured physical activity and academic achievement in Dutch adolescents: findings from the GOALS study.,M. V. Van Dijk; R. D. de Groot; H. Savelberg; Frederik van Acker; P. Kirschner,2014,2014-10-01,Journal of sport & exercise psychology,61,5.2,10.1123/jsep.2014-0014,https://doi.org/10.1123/jsep.2014-0014
Don25,Lost in the net? Broadband internet and youth mental health.,Dante Donati; Ruben Durante; Francesco Sobbrio; Dijana Zejcirovic,2025,2025-07-01,Journal of health economics,19,17.7,10.2139/ssrn.4082581,https://doi.org/10.2139/ssrn.4082581
Edw22,Individual differences in self-esteem and social anxiety predict problem smartphone use in adolescents,E. J. Edwards; Caitlin S. Taylor; R. Vaughan,2022,2022-07-03,School Psychology International,14,3.4,10.1177/01430343221111061,https://doi.org/10.1177/01430343221111061
Elh16,"Fear of missing out, need for touch, anxiety and depression are related to problematic smartphone use",J. Elhai; J. Levine; R. Dvorak; B. Hall,2016,2016-10-01,Comput. Hum. Behav.,953,97.0,10.1016/j.chb.2016.05.079,https://doi.org/10.1016/j.chb.2016.05.079
Fam18,Prevalence of internet gaming disorder in adolescents: A meta-analysis across three decades.,J. Fam,2018,2018-07-13,Scandinavian journal of psychology,343,42.7,10.1111/sjop.12459,https://doi.org/10.1111/sjop.12459
Fer24,Do social media experiments prove a link with mental health: A methodological and meta-analytic review.,Christopher J. Ferguson,2024,2024-05-02,Psychology of Popular Media,38,17.0,10.1037/ppm0000541,https://doi.org/10.1037/ppm0000541
Fin26,"Fast Law, Fragile Rights",L. Finlay; P. Hooton,2026,2026-05-20,Griffith Journal of Law &amp; Human Dignity,0,0.0,10.69970/gjlhd.v13i1.1288,https://doi.org/10.69970/gjlhd.v13i1.1288
Fla23,Cascading bidirectional influences of digital media use and mental health in adolescence.,Jessica S. Flannery; M. Maza; Zelal Kilic; E. Telzer,2023,,Advances in child development and behavior,15,5.0,10.1016/bs.acdb.2022.10.003,https://doi.org/10.1016/bs.acdb.2022.10.003
Gen18,Does Gen Z's emotional intelligence promote iCheating (cheating with iPhone) yet curb iCheating through reduced nomophobia?,Elodie Gentina; T. Tang; Pierre-François Dancoine,2018,2018-11-01,Comput. Educ.,59,7.6,10.1016/J.COMPEDU.2018.07.011,https://doi.org/10.1016/J.COMPEDU.2018.07.011
Geo20,"Young Adolescents’ Digital Technology Use, Perceived Impairments, and Wellbeing in a Representative Sample",Madeleine J. George; Michaeline R Jensen; M. Russell; Anna Gassman-Pines; William E. Copeland; R. Hoyle; C. Odgers,2020,2020-02-06,The Journal of pediatrics,80,12.4,10.1016/j.jpeds.2019.12.002,https://doi.org/10.1016/j.jpeds.2019.12.002
Gil07,‘A day in the life’: advancing a methodology for the cultural study of development and learning in early childhood,J. Gillen; C. Cameron; S. Tapanya; G. Pinto; R. Hancock; S. Young; B. A. Gamannossi,2007,2007-01-24,Early Child Development and Care,97,5.0,10.1080/03004430500393763,https://doi.org/10.1080/03004430500393763
Gio21,Adolescents’ selfie-taking and selfie-editing: A revision of the photo manipulation scale and a moderated mediation model,Francesca Gioia; S. McLean; M. Griffiths; Valentina Boursier,2021,2021-04-10,Current Psychology,42,7.9,10.1007/s12144-021-01702-x,https://doi.org/10.1007/s12144-021-01702-x
Gir22,Impact of mobile phones and wireless devices use on children and adolescents’ mental health: a systematic review,B. Girela-Serrano; Alexander D V Spiers; Ruotong Liu; Shivani Gangadia; M. Toledano; Martina Di Simplicio,2022,2022-06-16,European Child & Adolescent Psychiatry,103,25.0,10.1007/s00787-022-02012-8,https://doi.org/10.1007/s00787-022-02012-8
Gra20b,Taking a Break from Social Media Improves Wellbeing Through Sleep Quality,Sarah Graham; A. Mason; Benjamin C. Riordan; T. Winter; D. Scarf,2020,2020-12-31,"Cyberpsychology, Behavior, and Social Networking",50,9.0,10.1089/cyber.2020.0217,https://doi.org/10.1089/cyber.2020.0217
Gre21,Parenting for a digital future: how hopes and fears about technology shape children’s lives,L. Green,2021,2021-10-02,Journal of Children and Media,232,48.2,10.1080/17482798.2021.1978674,https://doi.org/10.1080/17482798.2021.1978674
Gri20,Toward improved methods in social media research.,Nastasia Griffioen; Marieke van Rooij; A. Lichtwarck-Aschoff; I. Granic,2020,2020-06-17,"Technology, Mind, and Behavior",67,11.0,10.1037/tmb0000005,https://doi.org/10.1037/tmb0000005
Gun90,Children and Television: The One-Eyed Monster?,Barrie Gunter; Jill L. McAleer,1990,1990-10-01,,48,1.3,,https://www.semanticscholar.org/paper/c12d740114fcabd80550a57cc2c5a1268560b9ba
Han22b,A systematic review of the impact of COVID-19 on the game addiction of children and adolescents,Tae Sun Han; Heejun Cho; D. Sung; Min-Hyeon Park,2022,2022-08-18,Frontiers in Psychiatry,71,18.0,10.3389/fpsyt.2022.976601,https://doi.org/10.3389/fpsyt.2022.976601
Haw18,"Internet gaming disorder in Lebanon: Relationships with age, sleep habits, and academic achievement",Nazir S. Hawi; Maya Samaha; M. Griffiths,2018,2018-02-28,Journal of Behavioral Addictions,204,24.3,10.1556/2006.7.2018.16,https://doi.org/10.1556/2006.7.2018.16
Hen16,Video Gaming Disorder and Sport and Exercise in Emerging Adulthood: A Longitudinal Study,Y. Henchoz; J. Studer; Stéphane Deline; Alexandra A. N'Goran; Stéphanie Baggio; G. Gmel,2016,2016-04-02,Behavioral Medicine,69,6.7,10.1080/08964289.2014.965127,https://doi.org/10.1080/08964289.2014.965127
Hir03,Information and communication technologies and the moral economy of the household,E. Hirsch; R. Silverstone,2003,2003-09-02,,768,33.5,10.4324/9780203401491-9,https://doi.org/10.4324/9780203401491-9
Jen16,Parent-Pressure,Helle Strandgaard Jensen,2016,2016-06-01,Nordicom Review,4,0.4,10.1515/nor-2016-0001,https://doi.org/10.1515/nor-2016-0001
Jen19,Young Adolescents’ Digital Technology Use and Mental Health Symptoms: Little Evidence of Longitudinal or Daily Linkages,Michaeline R Jensen; Madeleine J. George; M. Russell; C. Odgers,2019,2019-08-20,Clinical psychological science : a journal of the Association for Psychological Science,190,27.4,10.1177/2167702619859336,https://doi.org/10.1177/2167702619859336
Jo20,Protecting Consumers from Themselves: Assessing Consequences of Usage Restriction Laws on Online Game Usage and Spending,Wooyong Jo; Sarang Sunder; Jeonghye Choi; M. Trivedi,2020,2020-01-01,Mark. Sci.,20,3.0,10.1287/mksc.2019.1174,https://doi.org/10.1287/mksc.2019.1174
Kab15,Exposure and Use of Mobile Media Devices by Young Children,Hilda K. Kabali; M. Irigoyen; Rosemary Nunez-Davis; Jennifer G. Budacki; Sweta H. Mohanty; Kristin P. Leister; Robert Bonner,2015,2015-12-01,Pediatrics,999,93.8,10.1542/peds.2015-2151,https://doi.org/10.1542/peds.2015-2151
Kat18,The effects of mobile phone use on academic performance: A meta-analysis,Aaron W. Kates; Huang Wu; Chris L. S. Coryn,2018,2018-12-01,Comput. Educ.,183,23.9,10.1016/J.COMPEDU.2018.08.012,https://doi.org/10.1016/J.COMPEDU.2018.08.012
Kay20,The Conceptual and Methodological Mayhem of “Screen Time”,Linda K Kaye; Amy C. Orben; David A Ellis; Simon C Hunter; S. Houghton,2020,2020-04-23,International Journal of Environmental Research and Public Health,232,37.1,10.3390/ijerph17103661,https://doi.org/10.3390/ijerph17103661
Kel18b,Social Media Use and Adolescent Mental Health: Findings From the UK Millennium Cohort Study,Y. Kelly; Afshin Zilanawala; C. Booker; A. Sacker,2018,2018-12-01,EClinicalMedicine,594,77.6,10.1016/j.eclinm.2018.12.005,https://doi.org/10.1016/j.eclinm.2018.12.005
Ken20,Digital Domesticity,Jenny Kennedy; M. Arnold; Martin R. Gibbs; Bjørn Nansen; R. Wilken,2020,2020-06-18,,16,2.6,10.1093/oso/9780190905781.001.0001,https://doi.org/10.1093/oso/9780190905781.001.0001
Kes20,The impact of banning mobile phones in Swedish secondary schools,Dany Kessel; Hulda Lif Hardardottir; Björn Tyrefors,2020,2020-02-11,Economics of Education Review,44,6.8,10.1016/J.ECONEDUREV.2020.102009,https://doi.org/10.1016/J.ECONEDUREV.2020.102009
Kim05,[Association of Internet addiction with health promotion lifestyle profile and perceived health status in adolescents].,Jungsook Kim; B. Chun,2005,2005-02-01,Journal of preventive medicine and public health = Yebang Uihakhoe chi,48,2.2,,https://www.semanticscholar.org/paper/fbaea7940b548f8f7efada5d7e3b1d23edd104c2
Kin24,"“Phones off while school's on”: Evaluating problematic phone use and the social, wellbeing, and academic effects of banning phones in schools",D. King; M. Radunz; Christina R. Galanis; B. Quinney; Tracey D. Wade,2024,2024-10-21,Journal of Behavioral Addictions,17,9.6,10.1556/2006.2024.00058,https://doi.org/10.1556/2006.2024.00058
Kir17,Policy responses to problematic video game use: A systematic review of current measures and future possibilities,O. Király; M. Griffiths; Daniel L. King; H. Lee; Seung-Yup Lee; Fanni Bányai; Á. Zsila; Z. Takacs; Z. Demetrovics,2017,2017-08-31,Journal of Behavioral Addictions,157,17.6,10.1556/2006.6.2017.050,https://doi.org/10.1556/2006.6.2017.050
Kwo13b,The Smartphone Addiction Scale: Development and Validation of a Short Version for Adolescents,Min Kwon; D. Kim; H. Cho; Soo Yang,2013,2013-12-31,PLoS ONE,1985,157.9,10.1371/journal.pone.0083558,https://doi.org/10.1371/journal.pone.0083558
Kwo17,Smart Device Use and Perceived Physical and Psychosocial Outcomes among Hong Kong Adolescents,S. W. Kwok; P. Lee; R. Lee,2017,2017-02-01,International Journal of Environmental Research and Public Health,55,5.8,10.3390/ijerph14020205,https://doi.org/10.3390/ijerph14020205
Laf22,Children’s Vulnerability to Digital Technology within the Family: A Scoping Review,Tove Lafton; Halla B. Holmarsdottir; Olaf Kapella; M. Sisask; L.V.  Zinoveva,2022,2022-12-31,Societies,18,5.0,10.3390/soc13010011,https://doi.org/10.3390/soc13010011
Lav20,#Online harms or benefits? An ethnographic analysis of the positives and negatives of peer-support around self-harm on social media.,Anna C Lavis; Rachel Winter,2020,2020-05-27,"Journal of child psychology and psychiatry, and allied disciplines",138,22.4,10.1111/jcpp.13245,https://doi.org/10.1111/jcpp.13245
Lee16,Smartphone Addiction and Application Usage in Korean Adolescents: Effects of Mediation Strategies,Sook-Jung Lee; Chang-ho Lee; Cheolhan Lee,2016,2016-04-15,Social Behavior and Personality,48,4.7,10.2224/SBP.2016.44.9.1525,https://doi.org/10.2224/SBP.2016.44.9.1525
Lei18,"Parents, Media and Panic through the Years",Karen Leick,2018,2018-08-27,,7,0.9,10.1007/978-3-319-98319-6,https://doi.org/10.1007/978-3-319-98319-6
Leo21b,Are There Differences in Video Gaming and Use of Social Media among Boys and Girls?—A Mixed Methods Approach,Marja Leonhardt; Stian Overå,2021,2021-06-01,International Journal of Environmental Research and Public Health,174,33.8,10.3390/ijerph18116085,https://doi.org/10.3390/ijerph18116085
Li21,Screen Use and Mental Health Symptoms in Canadian Children and Youth During the COVID-19 Pandemic,Xuedi Li; Leigh M. Vanderloo; Charles D. G. Keown-Stoneman; K. Cost; A. Charach; J. Maguire; S. Monga; J. Crosbie; C. Burton; E. Anagnostou; S. Georgiades; R. Nicolson; Elizabeth Kelley; M. Ayub; D. Korczak; C. Birken,2021,2021-12-01,JAMA Network Open,118,25.4,10.1001/jamanetworkopen.2021.40875,https://doi.org/10.1001/jamanetworkopen.2021.40875
Lim22,Psychological and Emotional Effects of Digital Technology on Digitods (14–18 Years): A Systematic Review,P. Limone; G. Toto,2022,2022-07-07,Frontiers in Psychology,19,4.7,10.3389/fpsyg.2022.938965,https://doi.org/10.3389/fpsyg.2022.938965
Liu22,Time Spent on Social Media and Risk of Depression in Adolescents: A Dose–Response Meta-Analysis,Mingli Liu; Kimberly E. Kamper-DeMarco; J Zhang; Jia Xiao; Daifeng Dong; Peng Xue,2022,2022-04-24,International Journal of Environmental Research and Public Health,138,32.4,10.3390/ijerph19095164,https://doi.org/10.3390/ijerph19095164
Liv21,The outcomes of gaining digital skills for young people’s lives and wellbeing: A systematic evidence review,S. Livingstone; G. Mascheroni; M. Stoilova,2021,2021-09-13,New Media & Society,194,39.8,10.1177/14614448211043189,https://doi.org/10.1177/14614448211043189
Lop26,Effect of Social Media Constraints on Mental Health: A Systematic Review and Meta-Analysis of Experiments,M. Lopes; K. Branje; A. David; A. Gennara; J. Haidt; Z. Rausch; N. Greb; A. Aslam; J. Lebwohl; Jake Chaput; G. Goldfield,2026,2026-06-02,,0,0.0,10.64898/2026.06.01.26354614,https://doi.org/10.64898/2026.06.01.26354614
Lu22,Adolescent Addiction to Short Video Applications in the Mobile Internet Era,Lihong Lu; Meiyan Liu; Binchao Ge; Zijin Bai; Ziqi Liu,2022,2022-05-10,Frontiers in Psychology,83,19.7,10.3389/fpsyg.2022.893599,https://doi.org/10.3389/fpsyg.2022.893599
Mag24,Harmful compared to what? The problem of gaming and ambiguous causal questions.,Kristoffer Magnusson; Fredrik Johansson; Andrew K. Przybylski,2024,2024-05-02,Addiction,9,4.0,10.1111/add.16516,https://doi.org/10.1111/add.16516
Mah22,Assessing the effects of acute reductions in mobile device social media use on anxiety and sleep.,Tamsin Mahalingham; Joel A. Howell; P. Clarke,2022,2022-09-01,Journal of behavior therapy and experimental psychiatry,15,3.8,10.1016/j.jbtep.2022.101791,https://doi.org/10.1016/j.jbtep.2022.101791
Man15,"Problematic digital gaming behavior and its relation to the psychological, social and physical health of Finnish adolescents and young adults",N. Männikkö; J. Billieux; M. Kääriäinen,2015,2015-12-01,Journal of Behavioral Addictions,220,20.6,10.1556/2006.4.2015.040,https://doi.org/10.1556/2006.4.2015.040
Mar20,Social anxiety and Internet gaming disorder: The role of motives and metacognitions,C. Marino; Natale Canale; A. Vieno; G. Caselli; L. Scacchi; M. Spada,2020,2020-07-23,Journal of Behavioral Addictions,105,17.5,10.1556/jba-9-617,https://doi.org/10.1556/jba-9-617
Mar24b,Digital Detox and Well-Being.,L. Marciano; Sanmit Jindal; K. Viswanath,2024,2024-09-17,Pediatrics,24,12.9,10.1542/peds.2024-066142,https://doi.org/10.1542/peds.2024-066142
Mas18,Digital Parenting. The Challenges for Families in the Digital Age,G. Mascheroni; C. Ponte; A. Jorge,2018,2018-11-10,,75,9.7,,https://www.semanticscholar.org/paper/e10ffb44ce41dfc0d31b570fd90cfdec67fce777
Mcd17,Technoference: Parent Distraction with Technology and Associations with Child Behavior Problems,Brandon T. McDaniel; Jenny S. Radesky,2017,2017-05-10,Child development,538,58.4,10.1111/cdev.12822,https://doi.org/10.1111/cdev.12822
Mcd19,The internet and children's psychological wellbeing.,Emily McDool; P. Powell; Jennifer Roberts; K. Taylor,2019,2019-12-13,Journal of health economics,159,24.0,10.1016/j.jhealeco.2019.102274,https://doi.org/10.1016/j.jhealeco.2019.102274
Mcl19,Remaining connected in the face of cyberbullying: Why social connectedness is important for mental health,L. McLoughlin; B. Spears; C. Taddeo; D. Hermens,2019,2019-06-01,Psychology in the Schools,61,8.5,10.1002/PITS.22232,https://doi.org/10.1002/PITS.22232
Mei20,"Computer-Mediated Communication, Social Media, and Mental Health: A Conceptual and Empirical Meta-Review",Adrian Meier; L. Reinecke,2020,2020-04-06,Communication Research,408,64.7,10.1177/0093650220958224,https://doi.org/10.1177/0093650220958224
Mie22,"Korean regulation of the Shutdown Law (셧다운제), and the issue of minors using electronic games and social media",Dominik Damian Mielewczyk,2022,2022-12-21,Gdańskie Studia Azji Wschodniej,0,0.0,10.4467/23538724gs.22.046.17018,https://doi.org/10.4467/23538724gs.22.046.17018
Mie22b,Rozważania nad prawem i zwyczajem w systemie prawa kontynentalnego,Dominik Damian Mielewczyk,2022,2022-06-09,Studia Prawnicze KUL,1,0.2,10.31743/sp.12335,https://doi.org/10.31743/sp.12335
Mor26,My Disconnected World: A Study on Students’ Perceptions of Mobile Phone Ban and Digital Well-Being in Urban and Rural Schools,Franciely Pereira Moreira; Danielli Araújo Lima,2026,2026-01-29,International Journal of Changes in Education,0,0.0,10.47852/bonviewijce62027593,https://doi.org/10.47852/bonviewijce62027593
Myt08,Prevalence and correlates of excessive Internet use among youth in Singapore.,S. Mythily; Shijia Qiu; M. Winslow,2008,2008-01-15,"Annals of the Academy of Medicine, Singapore",142,7.7,10.47102/annals-acadmedsg.v37n1p9,https://doi.org/10.47102/annals-acadmedsg.v37n1p9
Naz00,Freedom with the net.,L. Nazarko,2000,2000-08-16,Nursing standard (Royal College of Nursing (Great Britain) : 1987),148,5.7,10.7748/NS.14.48.22.S31,https://doi.org/10.7748/NS.14.48.22.S31
Nes15,Using Social Media for Social Comparison and Feedback-Seeking: Gender and Popularity Moderate Associations with Depressive Symptoms,J. Nesi; M. Prinstein,2015,2015-04-23,Journal of abnormal child psychology,664,59.0,10.1007/s10802-015-0020-0,https://doi.org/10.1007/s10802-015-0020-0
Nik21,The touch-screen generation: Trends in Dutch parents’ perceptions of young children’s media use from 2012–2018,P. Nikken,2021,2021-08-03,Communications,6,1.2,10.1515/commun-2020-0028,https://doi.org/10.1515/commun-2020-0028
Odg20,"Adolescent Mental Health in the Digital Age: Facts, Fears and Future Directions",C. Odgers; Michaeline R Jensen,2020,2020-01-17,"Journal of child psychology and psychiatry, and allied disciplines",880,134.8,10.1111/jcpp.13190,https://doi.org/10.1111/jcpp.13190
Orb19b,"Screens, Teens, and Psychological Well-Being: Evidence From Three Time-Use-Diary Studies",Amy C. Orben; Andrew K. Przybylski,2019,2019-04-02,Psychological Science,340,46.4,10.1177/0956797619830329,https://doi.org/10.1177/0956797619830329
Orb19d,The association between adolescent well-being and digital technology use,Amy C. Orben; Andrew K. Przybylski,2019,2019-01-14,Nature Human Behaviour,1142,151.6,10.1038/s41562-018-0506-1,https://doi.org/10.1038/s41562-018-0506-1
Orb20,"Teenagers, screens and social media: a narrative review of reviews and key studies",Amy C. Orben,2020,2020-01-10,Social Psychiatry and Psychiatric Epidemiology,563,86.0,10.1007/s00127-019-01825-4,https://doi.org/10.1007/s00127-019-01825-4
Orb20b,Reply to: Underestimating digital media harm,Amy C. Orben; Andrew K. Przybylski,2020,2020-04-01,Nature human behaviour,23,3.6,10.1038/s41562-020-0840-y,https://doi.org/10.1038/s41562-020-0840-y
Orb22,Windows of developmental sensitivity to social media,Amy C. Orben; Andrew K. Przybylski; S. Blakemore; R. Kievit,2022,2022-03-28,Nature Communications,281,64.8,10.1038/s41467-022-29296-3,https://doi.org/10.1038/s41467-022-29296-3
Pan23,Time spent on social media among the least influential factors in adolescent mental health: preliminary results from a panel network analysis,M. Panayiotou; Louise Black; Parise Carmichael-Murphy; P. Qualter; Neil Humphrey,2023,2023-05-01,Nature Mental Health,53,16.4,10.1038/s44220-023-00063-7,https://doi.org/10.1038/s44220-023-00063-7
Pat22,Digital self-harm and suicidality among adolescents.,Justin W. Patchin; S. Hinduja; Ryan C. Meldrum,2022,2022-07-10,Child and adolescent mental health,30,7.4,10.1111/camh.12574,https://doi.org/10.1111/camh.12574
Per20b,"Impact of Problematic Smartphone Use on Mental Health of Adolescent Students: Association with Mood, Symptoms of Depression, and Physical Activity",F. S. Pereira; G. Bevilacqua; D. Coimbra; A. Andrade,2020,2020-06-22,"Cyberpsychology, Behavior, and Social Networking",106,17.4,10.1089/cyber.2019.0257,https://doi.org/10.1089/cyber.2019.0257
Pie25,Smartphone screen time reduction improves mental health: a randomized controlled trial,C. Pieh; E. Humer; Andreas Hoenigl; Julia Schwab; Doris Mayerhofer; R. Dale; Katja Haider,2025,2025-02-21,BMC Medicine,41,28.7,10.1186/s12916-025-03944-z,https://doi.org/10.1186/s12916-025-03944-z
Pon18,Internet Use by Children Aged six to nine: Parents’ Beliefs and Knowledge about Risk Prevention,Gemma Pons-Salvador; Xud Zubieta-Méndez; Dolores Frías-Navarro,2018,2018-01-23,Child Indicators Research,15,1.8,10.1007/S12187-018-9529-4,https://doi.org/10.1007/S12187-018-9529-4
Por16,Mobile Phones and Education in Sub‐Saharan Africa: From Youth Practice to Public Policy,G. Porter; K. Hampshire; J. Milner; A. Munthali; E. Robson; A. Lannoy; Andisiwe Bango; Nwabisa Gunguluza; M. Mashiri; Augustine Tanle; A. Abane,2016,,Journal of International Development,126,12.6,10.1002/JID.3116,https://doi.org/10.1002/JID.3116
Pri20b,Commentary: An updated agenda for the study of digital media use and adolescent development - future directions following Odgers & Jensen (2020).,M. Prinstein; J. Nesi; E. Telzer,2020,2020-02-16,"Journal of child psychology and psychiatry, and allied disciplines",73,11.3,10.1111/jcpp.13219,https://doi.org/10.1111/jcpp.13219
Prz17,A Large-Scale Test of the Goldilocks Hypothesis,Andrew K. Przybylski; N. Weinstein,2017,2017-01-13,Psychological Science,766,80.3,10.1177/0956797616678438,https://doi.org/10.1177/0956797616678438
Prz20,How Much Is Too Much? Examining the Relationship Between Digital Screen Engagement and Psychosocial Functioning in a Confirmatory Cohort Study.,Andrew K. Przybylski; Amy C. Orben; N. Weinstein,2020,2020-09-01,Journal of the American Academy of Child and Adolescent Psychiatry,111,18.8,10.1016/j.jaac.2019.06.017,https://doi.org/10.1016/j.jaac.2019.06.017
Prz21,Does Taking a Short Break from Social Media Have a Positive Effect on Well-being? Evidence from Three Preregistered Field Experiments,Andrew K. Przybylski; T. Nguyen; W. Law; N. Weinstein,2021,2021-02-07,Journal of Technology in Behavioral Science,56,10.2,10.1007/s41347-020-00189-w,https://doi.org/10.1007/s41347-020-00189-w
Rat21,Smartphone Addiction and Sleep Quality on Academic Performance of University Students: An Exploratory Research,B. Rathakrishnan; Soon Singh Bikar Singh; M. Kamaluddin; A. Yahaya; Mohd Azrin Mohd Nasir; F. Ibrahim; Z. Ab Rahman,2021,2021-08-01,International Journal of Environmental Research and Public Health,156,31.3,10.3390/ijerph18168291,https://doi.org/10.3390/ijerph18168291
Ree24,Postdigital Young People’s Rights: A Critical Perspective on the UK Government’s Guidance to Ban Phones in England’s Schools,J. Reed; Catherine Dunn,2024,2024-03-05,Postdigital Science and Education,12,5.0,10.1007/s42438-024-00464-6,https://doi.org/10.1007/s42438-024-00464-6
Rib26,"Educação, celulares e legislação: análise da Lei nº 15.100/2025 sobre o uso de celulares nas escolas",Anderson Filipini Ribeiro; Mônica de Cássia dos Santos Lopes; Diogo Rais Rodrigues Moreira,2026,2026-01-14,Revista Internacional Consinter de Direito,0,0.0,10.19135/revista.consinter.00021.20,https://doi.org/10.19135/revista.consinter.00021.20
Rid18,"Digital Health Practices, Social Media Use, and Mental Well-Being Among Teens and Young Adults in the U.S.",V. Rideout; S. Fox,2018,,,198,24.8,,https://www.semanticscholar.org/paper/3c1a46299ab2f7e902d881e1b5ba557c409968ca
Rob22b,"""Intermission!"" A short-term social media fast reduces self-objectification among pre-teen and teen dancers.",Tom Roberts; E. Daniels; J. Weaver; Leslie Scott Zanovich,2022,2022-09-21,Body image,25,6.5,10.1016/j.bodyim.2022.08.015,https://doi.org/10.1016/j.bodyim.2022.08.015
Ros13,"Sedentary Behaviors in Fifth-Grade Boys and Girls: Where, with Whom, and Why?",S. T. Taverno Ross; Wonwoo Byun; M. Dowda; K. McIver; R. Saunders; R. Pate,2013,2013-12-01,Childhood Obesity,36,2.8,10.1089/chi.2013.0021,https://doi.org/10.1089/chi.2013.0021
Rud24,"Smartphone use, gender, and adolescent mental health: Longitudinal evidence from South Korea",Robert Rudolf; Najung Kim,2024,2024-10-22,SSM - Population Health,23,13.0,10.1016/j.ssmph.2024.101722,https://doi.org/10.1016/j.ssmph.2024.101722
San21,Investigating the digital media engagements of very young children at home: Reflecting on methodology and ethics,H. Sandberg; J. Gillen,2021,2021-09-01,Communications,4,0.8,10.1515/commun-2021-0046,https://doi.org/10.1515/commun-2021-0046
San21b,Toddlers’ digital media practices and everyday parental struggles: Interactions and meaning-making as digital media are domesticated,H. Sandberg; Ulrika Sjöberg; Ebba Sundin,2021,2021-09-01,Nordicom Review,14,2.9,10.2478/nor-2021-0041,https://doi.org/10.2478/nor-2021-0041
San24,Parental Voices on Screen Time Guidelines in Early Childhood,Helena Sandberg; Ulrika Sjöberg; Ebba Sundin,2024,2024-11-13,Barn – forskning om barn og barndom i Norden,2,1.2,10.23865/barn.v41.6442,https://doi.org/10.23865/barn.v41.6442
Sch22,The Effect of a 1-Week Abstinence From Instagram on Mental Health in Youth and Young Adults,D. Schwarz; Kira Steinau; Laura Kraus; T. In-Albon,2022,2022-10-01,Kindheit und Entwicklung,10,2.6,10.1026/0942-5403/a000392,https://doi.org/10.1026/0942-5403/a000392
Sch24b,Screen Media Use and Mental Health of Children and Adolescents,Jesper Schmidt-Persson; M. G. Rasmussen; S. O. Sørensen; S. R. Mortensen; L. G. Olesen; Søren Brage; P. Kristensen; Niels Bilenberg; A. Grøntved,2024,2024-07-01,JAMA Network Open,55,26.5,10.1001/jamanetworkopen.2024.19881,https://doi.org/10.1001/jamanetworkopen.2024.19881
Sel20,"Banning mobile phones from classrooms - An opportunity to advance understandings of technology addiction, distraction and cyberbullying",N. Selwyn; J. Aagaard,2020,2020-04-19,Br. J. Educ. Technol.,98,15.6,10.1111/bjet.12943,https://doi.org/10.1111/bjet.12943
Sew22,"Does Objectively Measured Social-Media or Smartphone Use Predict Depression, Anxiety, or Social Isolation Among Young Adults?",C. Sewall; T. Goldstein; A. Wright; D. Rosen,2022,2022-03-25,Clinical psychological science : a journal of the Association for Psychological Science,53,12.2,10.1177/21677026221078309,https://doi.org/10.1177/21677026221078309
Sha06,"Association Between Television, Movie, and Video Game Exposure and School Performance",I. Sharif; J. Sargent,2006,2006-10-01,Pediatrics,282,14.2,10.1542/peds.2005-2854,https://doi.org/10.1542/peds.2005-2854
Sil26b,Escolas e restrições a dispositivos eletrônicos: Lei 15.100/2025,Iracélia Dos Santos Silva; Juliana Oliveira de Santana Novais,2026,2026-01-10,Diversitas Journal,0,0.0,10.48017/dj.v11i1.3542,https://doi.org/10.48017/dj.v11i1.3542
Soh19,"Prevalence of problematic smartphone usage and associated mental health outcomes amongst children and young people: a systematic review, meta-analysis and GRADE of the evidence",Sei Yon Sohn; P. Rees; Bethany Wildridge; N. Kalk; B. Carter,2019,2019-11-29,BMC Psychiatry,707,106.1,10.1186/s12888-019-2350-x,https://doi.org/10.1186/s12888-019-2350-x
Sti19,Effects of screentime on the health and well-being of children and adolescents: a systematic review of reviews,Neza Stiglic; R. Viner,2019,2019-01-01,BMJ Open,999,132.0,10.1136/bmjopen-2018-023191,https://doi.org/10.1136/bmjopen-2018-023191
Sun25b,Digital literacies among infants and toddlers: Everyday engagement of digital media in the home environment,Ebba Sundin; Helena Sandberg; Ulrika Sjöberg,2025,2025-09-01,Journal of Early Childhood Literacy,1,1.1,10.1177/14687984251350491,https://doi.org/10.1177/14687984251350491
Tan21,The relationship between screen time and mental health in young people: A systematic review of longitudinal studies.,Samantha Tang; A. Werner-Seidler; Michelle H Torok; A. Mackinnon; H. Christensen,2021,2021-03-20,Clinical psychology review,224,41.8,10.1016/j.cpr.2021.102021,https://doi.org/10.1016/j.cpr.2021.102021
Ten21,Depression and anxiety symptoms associated with internet gaming disorder before and during the COVID-19 pandemic: A longitudinal study,Zhaojun Teng; H. Pontes; Qian Nie; M. Griffiths; Cheng Guo,2021,2021-03-01,Journal of Behavioral Addictions,264,48.8,10.1556/2006.2021.00016,https://doi.org/10.1556/2006.2021.00016
Tha21,The Effects of Reducing Social Media Use on Body Esteem Among Transitional-Aged Youth,Helen Thai; Christopher G. Davis; Niall A. Stewart; K. Gunnell; G. Goldfield,2021,2021-12-01,Journal of Social and Clinical Psychology,17,3.7,10.1521/jscp.2021.40.6.481,https://doi.org/10.1521/jscp.2021.40.6.481
Tho11,"Mobile phone use and stress, sleep disturbances, and symptoms of depression among young adults - a prospective cohort study",Sara Thomée; A. Härenstam; M. Hagberg,2011,2011-01-31,BMC Public Health,1253,80.9,10.1186/1471-2458-11-66,https://doi.org/10.1186/1471-2458-11-66
Twe18c,Associations between screen time and lower psychological well-being among children and adolescents: Evidence from a population-based study,J. Twenge; W. K. Campbell,2018,2018-10-18,Preventive Medicine Reports,1026,132.0,10.1016/j.pmedr.2018.10.003,https://doi.org/10.1016/j.pmedr.2018.10.003
Twe19c,Less in-person social interaction with peers among U.S. adolescents in the 21st century and links to loneliness,J. Twenge; Brian H. Spitzberg; W. K. Campbell,2019,2019-03-19,Journal of Social and Personal Relationships,460,62.5,10.1177/0265407519836170,https://doi.org/10.1177/0265407519836170
Twe20b,"Increases in Depression, Self‐Harm, and Suicide Among U.S. Adolescents After 2012 and Links to Technology Use: Possible Mechanisms",J. Twenge,2020,2020-03-27,Psychiatric Research and Clinical Practice,233,36.8,10.1176/appi.prcp.20190015,https://doi.org/10.1176/appi.prcp.20190015
Twe22,"Specification curve analysis shows that social media use is linked to poor mental health, especially among girls.",J. Twenge; J. Haidt; J. Lozano; Kevin M. Cummins,2022,2022-01-28,Acta psychologica,139,30.9,10.1016/j.actpsy.2022.103512,https://doi.org/10.1016/j.actpsy.2022.103512
Unk21,条例によるゲーム・ネット規制 ――香川県ゲーム条例を題材として――,義則 大島,2021,,,0,0.0,10.32235/ALIS.9.0_5,https://doi.org/10.32235/ALIS.9.0_5
Ust16,Problematic computer game use as expression of Internet addiction and its association with self-rated health in the Lithuanian adolescent population.,Rūta Ustinavičienė; Lina Škėmienė; D. Lukšienė; R. Radišauskas; Gintarė Kalinienė; P. Vasilavičius,2016,,Medicina,47,4.7,10.1016/j.medici.2016.04.002,https://doi.org/10.1016/j.medici.2016.04.002
Val21d,Social Media Use and Adolescents’ Self-Esteem: Heading for a Person-Specific Media Effects Paradigm,Patti M. Valkenburg; Ine Beyens; J. Pouwels; Irene I. van Driel; L. Keijsers,2021,2021-02-01,Journal of Communication,215,39.2,10.1093/JOC/JQAA039,https://doi.org/10.1093/JOC/JQAA039
Vin19,"Roles of cyberbullying, sleep, and physical activity in mediating the effects of social media use on mental health and wellbeing among young people in England: a secondary analysis of longitudinal data.",R. Viner; Aswathikutty Aswathikutty-Gireesh; Neza Stiglic; L. Hudson; Anne-Lise Goddings; J. Ward; D. Nicholls,2019,2019-10-01,The Lancet. Child & adolescent health,234,34.3,10.1016/S2352-4642(19)30186-5,https://doi.org/10.1016/S2352-4642(19)30186-5
Vuo21,There is no evidence that associations between adolescents’ digital technology engagement and mental health problems have increased,Matti Vuorre; Amy C. Orben; Andrew K. Przybylski,2021,2021-05-03,Clinical psychological science : a journal of the Association for Psychological Science,120,22.9,10.1177/2167702621994549,https://doi.org/10.1177/2167702621994549
Wal24,Does putting down your smartphone make you happier? the effects of restricting digital media on well-being,Lisa C. Walsh; A. Regan; Karynna Okabe‐Miyamoto; Sonja Lyubomirsky,2024,2024-10-14,PLOS ONE,8,4.5,10.1371/journal.pone.0306910,https://doi.org/10.1371/journal.pone.0306910
Wil08,"A short-term longitudinal study of Internet and computer game use by adolescent boys and girls: prevalence, frequency of use, and psychosocial predictors.",Teena Willoughby,2008,,Developmental psychology,301,16.7,10.1037/0012-1649.44.1.195,https://doi.org/10.1037/0012-1649.44.1.195
Woo21,"Mental Health, Smartphone Use Type, and Screen Time Among Adolescents in South Korea",Kyung Soo Woo; S. Bong; T. Choi; Jun Won Kim,2021,,,47,9.4,,https://www.semanticscholar.org/paper/d703ba2b47913ad659dbbab5f3a864e313d4865d
Wu21,The relationship between social short-form videos and youth’s well-being: It depends on usage types and content categories.,Yiling Wu; Xiaonan Wang; Skylar Hong; Mina Hong; Meng Pei; Yanjie Su,2021,2021-01-04,,58,10.4,10.1037/ppm0000292,https://doi.org/10.1037/ppm0000292
Xia21b,Reserve your judgment on “Draconian” Chinese video gaming restrictions on children •,Leon Y. Xiao,2021,2021-12-02,Journal of Behavioral Addictions,19,4.1,10.1556/2006.2022.00022,https://doi.org/10.1556/2006.2022.00022
Yan23,"Effect of online game policy on smartphone game play time, addiction, and emotion in rural adolescents of China",Qiongyao Yang; Han-Yang Wang; Hongye Wu; Wei Li; Yueyue Zhang; Yitan Yao; Xiaoping Yuan; Chuanchuan Chen; Yue Wang; Yongjie Zhong; Wenhui Wang; Miaomiao Zhang; Yating Yang; Huanzhong Liu; Kai Zhang,2023,2023-11-08,BMC Psychiatry,30,11.0,10.1186/s12888-023-05325-3,https://doi.org/10.1186/s12888-023-05325-3
You19,Encoding/Decoding,B. Yousman,2019,2019-11-19,The Blackwell Encyclopedia of Sociology,1691,252.8,10.1002/9781405165518.wbeose045.pub2,https://doi.org/10.1002/9781405165518.wbeose045.pub2
Yu20,"Impulsivity, Self-control, Interpersonal Influences, and Maladaptive Cognitions as Factors of Internet Gaming Disorder Among Adolescents in China: Cross-sectional Mediation Study",Yanqiu Yu; P. Mo; Jianxin Zhang; Jibin Li; J. Lau,2020,2020-12-28,Journal of Medical Internet Research,59,10.6,10.2196/26810,https://doi.org/10.2196/26810
Yu20b,Why is Internet gaming disorder more prevalent among Chinese male than female adolescents? The role of cognitive mediators.,Yanqiu Yu; P. Mo; Jianxin Zhang; Jibin Li; J. Lau,2020,2020-08-31,Addictive behaviors,57,9.7,10.1016/j.addbeh.2020.106637,https://doi.org/10.1016/j.addbeh.2020.106637
Yu22,"Maladaptive cognitions, loneliness, and social anxiety as potential moderators of the association between Internet gaming time and Internet gaming disorder among adolescent Internet gamers in China.",Yanqiu Yu; P. Mo; Jianxin Zhang; Jibin Li; J. Lau,2022,2022-01-01,Addictive behaviors,47,10.3,10.1016/j.addbeh.2022.107239,https://doi.org/10.1016/j.addbeh.2022.107239
Zen23,No evidence that Chinese playtime mandates reduced heavy gaming in one segment of the video games industry,D. Zendle; Catherine Flick; Elena Gordon-Petrovskaya; Nick Ballou; Leon Y. Xiao; Anders Drachen,2023,2023-08-10,Nature Human Behaviour,24,8.1,10.1038/s41562-023-01669-8,https://doi.org/10.1038/s41562-023-01669-8
Zho24,Compliance and alternative behaviors of heavy gamers in adolescents to Chinese online gaming restriction policy,Xinyu Zhou; Min Liao; Monika Gorowska; Xijing Chen; Yonghui Li,2024,2024-04-26,Journal of Behavioral Addictions,12,5.3,10.1556/2006.2024.00021,https://doi.org/10.1556/2006.2024.00021
Zhu15,"Early adolescent Internet game addiction in context: How parents, school, and peers impact youth",Jianjun Zhu; Wei Zhang; Chengfu Yu; Zhenzhou Bao,2015,2015-09-01,Comput. Hum. Behav.,197,18.1,10.1016/j.chb.2015.03.079,https://doi.org/10.1016/j.chb.2015.03.079
